date,recipient,category,day_of_week,target_demand_kg
2026-06-11 16:36:09.084823,Recipient_4,Non-perishable,3,102
2026-06-11 16:36:09.084823,Recipient_5,Dairy,3,16
2026-06-11 16:36:09.084823,Recipient_3,Bakery,3,19
2026-06-11 16:36:09.084823,Recipient_3,Non-perishable,3,97
2026-06-11 16:36:09.084823,Recipient_2,Meat,3,15
2026-06-12 16:36:09.084823,Recipient_2,Meat,4,12
2026-06-12 16:36:09.084823,Recipient_4,Bakery,4,30
2026-06-12 16:36:09.084823,Recipient_1,Bakery,4,29
2026-06-12 16:36:09.084823,Recipient_5,Bakery,4,27
2026-06-12 16:36:09.084823,Recipient_2,Meat,4,24
2026-06-13 16:36:09.084823,Recipient_1,Meat,5,12
2026-06-13 16:36:09.084823,Recipient_2,Non-perishable,5,155
2026-06-13 16:36:09.084823,Recipient_2,Meat,5,26
2026-06-13 16:36:09.084823,Recipient_4,Non-perishable,5,144
2026-06-13 16:36:09.084823,Recipient_3,Produce,5,79
2026-06-14 16:36:09.084823,Recipient_2,Dairy,6,23
2026-06-14 16:36:09.084823,Recipient_4,Non-perishable,6,153
2026-06-14 16:36:09.084823,Recipient_4,Produce,6,75
2026-06-14 16:36:09.084823,Recipient_5,Non-perishable,6,153
2026-06-14 16:36:09.084823,Recipient_2,Produce,6,72
2026-06-15 16:36:09.084823,Recipient_4,Meat,0,9
2026-06-15 16:36:09.084823,Recipient_5,Produce,0,50
2026-06-15 16:36:09.084823,Recipient_1,Produce,0,46
2026-06-15 16:36:09.084823,Recipient_3,Bakery,0,33
2026-06-15 16:36:09.084823,Recipient_1,Bakery,0,32
2026-06-16 16:36:09.084823,Recipient_2,Dairy,1,26
2026-06-16 16:36:09.084823,Recipient_1,Meat,1,16
2026-06-16 16:36:09.084823,Recipient_2,Produce,1,54
2026-06-16 16:36:09.084823,Recipient_5,Bakery,1,22
2026-06-16 16:36:09.084823,Recipient_3,Produce,1,53
2026-06-17 16:36:09.084823,Recipient_3,Non-perishable,2,95
2026-06-17 16:36:09.084823,Recipient_3,Produce,2,53
2026-06-17 16:36:09.084823,Recipient_2,Dairy,2,13
2026-06-17 16:36:09.084823,Recipient_1,Meat,2,13
2026-06-17 16:36:09.084823,Recipient_5,Meat,2,13
2026-06-18 16:36:09.084823,Recipient_5,Bakery,3,31
2026-06-18 16:36:09.084823,Recipient_5,Meat,3,15
2026-06-18 16:36:09.084823,Recipient_3,Meat,3,18
2026-06-18 16:36:09.084823,Recipient_2,Dairy,3,22
2026-06-18 16:36:09.084823,Recipient_4,Meat,3,20
2026-06-19 16:36:09.084823,Recipient_4,Meat,4,19
2026-06-19 16:36:09.084823,Recipient_2,Meat,4,13
2026-06-19 16:36:09.084823,Recipient_1,Produce,4,54
2026-06-19 16:36:09.084823,Recipient_1,Meat,4,8
2026-06-19 16:36:09.084823,Recipient_5,Produce,4,45
2026-06-20 16:36:09.084823,Recipient_3,Produce,5,72
2026-06-20 16:36:09.084823,Recipient_5,Produce,5,73
2026-06-20 16:36:09.084823,Recipient_3,Produce,5,70
2026-06-20 16:36:09.084823,Recipient_4,Produce,5,74
2026-06-20 16:36:09.084823,Recipient_4,Dairy,5,29
2026-06-21 16:36:09.084823,Recipient_3,Produce,6,72
2026-06-21 16:36:09.084823,Recipient_1,Produce,6,74
2026-06-21 16:36:09.084823,Recipient_3,Dairy,6,17
2026-06-21 16:36:09.084823,Recipient_4,Bakery,6,52
2026-06-21 16:36:09.084823,Recipient_3,Produce,6,70
2026-06-22 16:36:09.084823,Recipient_4,Dairy,0,26
2026-06-22 16:36:09.084823,Recipient_3,Produce,0,50
2026-06-22 16:36:09.084823,Recipient_5,Bakery,0,24
2026-06-22 16:36:09.084823,Recipient_4,Meat,0,7
2026-06-22 16:36:09.084823,Recipient_4,Produce,0,50
2026-06-23 16:36:09.084823,Recipient_1,Dairy,1,22
2026-06-23 16:36:09.084823,Recipient_1,Produce,1,54
2026-06-23 16:36:09.084823,Recipient_2,Dairy,1,24
2026-06-23 16:36:09.084823,Recipient_2,Produce,1,43
2026-06-23 16:36:09.084823,Recipient_4,Meat,1,15
2026-06-24 16:36:09.084823,Recipient_3,Produce,2,52
2026-06-24 16:36:09.084823,Recipient_1,Bakery,2,34
2026-06-24 16:36:09.084823,Recipient_4,Produce,2,52
2026-06-24 16:36:09.084823,Recipient_4,Bakery,2,34
2026-06-24 16:36:09.084823,Recipient_1,Bakery,2,38
2026-06-25 16:36:09.084823,Recipient_1,Non-perishable,3,95
2026-06-25 16:36:09.084823,Recipient_2,Bakery,3,24
2026-06-25 16:36:09.084823,Recipient_5,Produce,3,43
2026-06-25 16:36:09.084823,Recipient_3,Produce,3,49
2026-06-25 16:36:09.084823,Recipient_1,Meat,3,26
2026-06-26 16:36:09.084823,Recipient_5,Bakery,4,30
2026-06-26 16:36:09.084823,Recipient_3,Bakery,4,30
2026-06-26 16:36:09.084823,Recipient_4,Produce,4,57
2026-06-26 16:36:09.084823,Recipient_5,Meat,4,10
2026-06-26 16:36:09.084823,Recipient_3,Produce,4,54
2026-06-27 16:36:09.084823,Recipient_1,Meat,5,21
2026-06-27 16:36:09.084823,Recipient_1,Non-perishable,5,153
2026-06-27 16:36:09.084823,Recipient_5,Produce,5,85
2026-06-27 16:36:09.084823,Recipient_4,Produce,5,82
2026-06-27 16:36:09.084823,Recipient_4,Non-perishable,5,155
2026-06-28 16:36:09.084823,Recipient_3,Dairy,6,28
2026-06-28 16:36:09.084823,Recipient_1,Dairy,6,30
2026-06-28 16:36:09.084823,Recipient_2,Dairy,6,31
2026-06-28 16:36:09.084823,Recipient_3,Dairy,6,31
2026-06-28 16:36:09.084823,Recipient_1,Produce,6,77
2026-06-29 16:36:09.084823,Recipient_3,Non-perishable,0,96
2026-06-29 16:36:09.084823,Recipient_2,Produce,0,41
2026-06-29 16:36:09.084823,Recipient_5,Meat,0,17
2026-06-29 16:36:09.084823,Recipient_5,Meat,0,34
2026-06-29 16:36:09.084823,Recipient_1,Meat,0,7
2026-06-30 16:36:09.084823,Recipient_3,Produce,1,60
2026-06-30 16:36:09.084823,Recipient_2,Non-perishable,1,100
2026-06-30 16:36:09.084823,Recipient_1,Meat,1,15
2026-06-30 16:36:09.084823,Recipient_2,Bakery,1,30
2026-06-30 16:36:09.084823,Recipient_5,Meat,1,9
2026-07-01 16:36:09.084823,Recipient_4,Meat,2,11
2026-07-01 16:36:09.084823,Recipient_5,Meat,2,16
2026-07-01 16:36:09.084823,Recipient_3,Meat,2,8
2026-07-01 16:36:09.084823,Recipient_2,Dairy,2,10
2026-07-01 16:36:09.084823,Recipient_5,Dairy,2,16
2026-07-02 16:36:09.084823,Recipient_2,Dairy,3,28
2026-07-02 16:36:09.084823,Recipient_1,Dairy,3,18
2026-07-02 16:36:09.084823,Recipient_1,Non-perishable,3,98
2026-07-02 16:36:09.084823,Recipient_5,Produce,3,60
2026-07-02 16:36:09.084823,Recipient_3,Meat,3,20
2026-07-03 16:36:09.084823,Recipient_2,Bakery,4,28
2026-07-03 16:36:09.084823,Recipient_2,Dairy,4,29
2026-07-03 16:36:09.084823,Recipient_5,Meat,4,13
2026-07-03 16:36:09.084823,Recipient_2,Dairy,4,13
2026-07-03 16:36:09.084823,Recipient_5,Meat,4,14
2026-07-04 16:36:09.084823,Recipient_2,Bakery,5,42
2026-07-04 16:36:09.084823,Recipient_2,Produce,5,84
2026-07-04 16:36:09.084823,Recipient_2,Produce,5,77
2026-07-04 16:36:09.084823,Recipient_4,Bakery,5,48
2026-07-04 16:36:09.084823,Recipient_3,Meat,5,27
2026-07-05 16:36:09.084823,Recipient_1,Produce,6,77
2026-07-05 16:36:09.084823,Recipient_4,Bakery,6,47
2026-07-05 16:36:09.084823,Recipient_1,Produce,6,69
2026-07-05 16:36:09.084823,Recipient_5,Non-perishable,6,152
2026-07-05 16:36:09.084823,Recipient_4,Dairy,6,30
2026-07-06 16:36:09.084823,Recipient_1,Dairy,0,17
2026-07-06 16:36:09.084823,Recipient_5,Dairy,0,14
2026-07-06 16:36:09.084823,Recipient_3,Produce,0,56
2026-07-06 16:36:09.084823,Recipient_4,Dairy,0,24
2026-07-06 16:36:09.084823,Recipient_5,Meat,0,22
2026-07-07 16:36:09.084823,Recipient_1,Non-perishable,1,100
2026-07-07 16:36:09.084823,Recipient_5,Produce,1,52
2026-07-07 16:36:09.084823,Recipient_3,Produce,1,46
2026-07-07 16:36:09.084823,Recipient_1,Non-perishable,1,101
2026-07-07 16:36:09.084823,Recipient_4,Produce,1,55
2026-07-08 16:36:09.084823,Recipient_3,Produce,2,54
2026-07-08 16:36:09.084823,Recipient_1,Produce,2,56
2026-07-08 16:36:09.084823,Recipient_5,Bakery,2,30
2026-07-08 16:36:09.084823,Recipient_3,Produce,2,47
2026-07-08 16:36:09.084823,Recipient_4,Meat,2,19
2026-07-09 16:36:09.084823,Recipient_3,Dairy,3,15
2026-07-09 16:36:09.084823,Recipient_3,Meat,3,25
2026-07-09 16:36:09.084823,Recipient_1,Meat,3,20
2026-07-09 16:36:09.084823,Recipient_1,Non-perishable,3,103
2026-07-09 16:36:09.084823,Recipient_5,Dairy,3,29
2026-07-10 16:36:09.084823,Recipient_4,Produce,4,52
2026-07-10 16:36:09.084823,Recipient_2,Dairy,4,15
2026-07-10 16:36:09.084823,Recipient_5,Dairy,4,21
2026-07-10 16:36:09.084823,Recipient_1,Dairy,4,12
2026-07-10 16:36:09.084823,Recipient_5,Produce,4,50
2026-07-11 16:36:09.084823,Recipient_4,Produce,5,71
2026-07-11 16:36:09.084823,Recipient_3,Non-perishable,5,156
2026-07-11 16:36:09.084823,Recipient_4,Bakery,5,41
2026-07-11 16:36:09.084823,Recipient_3,Non-perishable,5,144
2026-07-11 16:36:09.084823,Recipient_5,Dairy,5,26
2026-07-12 16:36:09.084823,Recipient_4,Non-perishable,6,149
2026-07-12 16:36:09.084823,Recipient_1,Produce,6,69
2026-07-12 16:36:09.084823,Recipient_1,Meat,6,26
2026-07-12 16:36:09.084823,Recipient_1,Produce,6,73
2026-07-12 16:36:09.084823,Recipient_2,Meat,6,24
2026-07-13 16:36:09.084823,Recipient_5,Non-perishable,0,101
2026-07-13 16:36:09.084823,Recipient_5,Meat,0,15
2026-07-13 16:36:09.084823,Recipient_3,Bakery,0,30
2026-07-13 16:36:09.084823,Recipient_1,Produce,0,52
2026-07-13 16:36:09.084823,Recipient_1,Non-perishable,0,95
2026-07-14 16:36:09.084823,Recipient_1,Bakery,1,37
2026-07-14 16:36:09.084823,Recipient_4,Dairy,1,30
2026-07-14 16:36:09.084823,Recipient_2,Meat,1,10
2026-07-14 16:36:09.084823,Recipient_4,Dairy,1,13
2026-07-14 16:36:09.084823,Recipient_4,Meat,1,12
2026-07-15 16:36:09.084823,Recipient_5,Produce,2,48
2026-07-15 16:36:09.084823,Recipient_1,Produce,2,41
2026-07-15 16:36:09.084823,Recipient_1,Non-perishable,2,102
2026-07-15 16:36:09.084823,Recipient_5,Non-perishable,2,104
2026-07-15 16:36:09.084823,Recipient_3,Non-perishable,2,99
2026-07-16 16:36:09.084823,Recipient_5,Produce,3,53
2026-07-16 16:36:09.084823,Recipient_2,Dairy,3,25
2026-07-16 16:36:09.084823,Recipient_1,Bakery,3,27
2026-07-16 16:36:09.084823,Recipient_5,Dairy,3,21
2026-07-16 16:36:09.084823,Recipient_3,Produce,3,49
2026-07-17 16:36:09.084823,Recipient_5,Produce,4,37
2026-07-17 16:36:09.084823,Recipient_1,Non-perishable,4,95
2026-07-17 16:36:09.084823,Recipient_4,Produce,4,58
2026-07-17 16:36:09.084823,Recipient_3,Non-perishable,4,101
2026-07-17 16:36:09.084823,Recipient_5,Non-perishable,4,98
2026-07-18 16:36:09.084823,Recipient_1,Bakery,5,37
2026-07-18 16:36:09.084823,Recipient_5,Non-perishable,5,151
2026-07-18 16:36:09.084823,Recipient_2,Meat,5,21
2026-07-18 16:36:09.084823,Recipient_2,Dairy,5,37
2026-07-18 16:36:09.084823,Recipient_3,Dairy,5,30
2026-07-19 16:36:09.084823,Recipient_4,Produce,6,85
2026-07-19 16:36:09.084823,Recipient_3,Produce,6,83
2026-07-19 16:36:09.084823,Recipient_1,Non-perishable,6,157
2026-07-19 16:36:09.084823,Recipient_3,Meat,6,26
2026-07-19 16:36:09.084823,Recipient_2,Dairy,6,21
2026-07-20 16:36:09.084823,Recipient_3,Bakery,0,37
2026-07-20 16:36:09.084823,Recipient_2,Meat,0,5
2026-07-20 16:36:09.084823,Recipient_4,Dairy,0,29
2026-07-20 16:36:09.084823,Recipient_3,Produce,0,49
2026-07-20 16:36:09.084823,Recipient_4,Meat,0,18
2026-07-21 16:36:09.084823,Recipient_5,Dairy,1,12
2026-07-21 16:36:09.084823,Recipient_3,Bakery,1,36
2026-07-21 16:36:09.084823,Recipient_3,Bakery,1,19
2026-07-21 16:36:09.084823,Recipient_3,Meat,1,25
2026-07-21 16:36:09.084823,Recipient_4,Produce,1,49
2026-07-22 16:36:09.084823,Recipient_5,Dairy,2,24
2026-07-22 16:36:09.084823,Recipient_5,Dairy,2,23
2026-07-22 16:36:09.084823,Recipient_2,Meat,2,12
2026-07-22 16:36:09.084823,Recipient_2,Non-perishable,2,100
2026-07-22 16:36:09.084823,Recipient_5,Produce,2,47
2026-07-23 16:36:09.084823,Recipient_4,Dairy,3,13
2026-07-23 16:36:09.084823,Recipient_2,Produce,3,44
2026-07-23 16:36:09.084823,Recipient_1,Bakery,3,34
2026-07-23 16:36:09.084823,Recipient_1,Bakery,3,26
2026-07-23 16:36:09.084823,Recipient_5,Meat,3,12
2026-07-24 16:36:09.084823,Recipient_2,Meat,4,8
2026-07-24 16:36:09.084823,Recipient_2,Non-perishable,4,102
2026-07-24 16:36:09.084823,Recipient_3,Meat,4,11
2026-07-24 16:36:09.084823,Recipient_5,Dairy,4,27
2026-07-24 16:36:09.084823,Recipient_1,Non-perishable,4,87
2026-07-25 16:36:09.084823,Recipient_4,Dairy,5,35
2026-07-25 16:36:09.084823,Recipient_2,Meat,5,23
2026-07-25 16:36:09.084823,Recipient_1,Produce,5,73
2026-07-25 16:36:09.084823,Recipient_2,Bakery,5,34
2026-07-25 16:36:09.084823,Recipient_1,Non-perishable,5,162
2026-07-26 16:36:09.084823,Recipient_2,Produce,6,71
2026-07-26 16:36:09.084823,Recipient_4,Bakery,6,37
2026-07-26 16:36:09.084823,Recipient_4,Dairy,6,24
2026-07-26 16:36:09.084823,Recipient_2,Bakery,6,38
2026-07-26 16:36:09.084823,Recipient_5,Meat,6,25
2026-07-27 16:36:09.084823,Recipient_3,Produce,0,50
2026-07-27 16:36:09.084823,Recipient_5,Meat,0,10
2026-07-27 16:36:09.084823,Recipient_2,Meat,0,12
2026-07-27 16:36:09.084823,Recipient_3,Produce,0,53
2026-07-27 16:36:09.084823,Recipient_2,Bakery,0,21
2026-07-28 16:36:09.084823,Recipient_4,Non-perishable,1,102
2026-07-28 16:36:09.084823,Recipient_2,Meat,1,16
2026-07-28 16:36:09.084823,Recipient_1,Meat,1,5
2026-07-28 16:36:09.084823,Recipient_1,Dairy,1,18
2026-07-28 16:36:09.084823,Recipient_3,Meat,1,15
2026-07-29 16:36:09.084823,Recipient_5,Bakery,2,21
2026-07-29 16:36:09.084823,Recipient_2,Non-perishable,2,106
2026-07-29 16:36:09.084823,Recipient_2,Meat,2,18
2026-07-29 16:36:09.084823,Recipient_4,Produce,2,44
2026-07-29 16:36:09.084823,Recipient_5,Produce,2,52
2026-07-30 16:36:09.084823,Recipient_3,Produce,3,57
2026-07-30 16:36:09.084823,Recipient_5,Meat,3,15
2026-07-30 16:36:09.084823,Recipient_4,Bakery,3,30
2026-07-30 16:36:09.084823,Recipient_3,Produce,3,52
2026-07-30 16:36:09.084823,Recipient_5,Bakery,3,37
2026-07-31 16:36:09.084823,Recipient_1,Non-perishable,4,97
2026-07-31 16:36:09.084823,Recipient_5,Non-perishable,4,97
2026-07-31 16:36:09.084823,Recipient_5,Bakery,4,31
2026-07-31 16:36:09.084823,Recipient_4,Produce,4,60
2026-07-31 16:36:09.084823,Recipient_5,Dairy,4,26
2026-08-01 16:36:09.084823,Recipient_3,Non-perishable,5,147
2026-08-01 16:36:09.084823,Recipient_1,Produce,5,76
2026-08-01 16:36:09.084823,Recipient_2,Non-perishable,5,148
2026-08-01 16:36:09.084823,Recipient_3,Bakery,5,35
2026-08-01 16:36:09.084823,Recipient_3,Dairy,5,26
2026-08-02 16:36:09.084823,Recipient_4,Non-perishable,6,158
2026-08-02 16:36:09.084823,Recipient_3,Meat,6,22
2026-08-02 16:36:09.084823,Recipient_5,Produce,6,69
2026-08-02 16:36:09.084823,Recipient_1,Meat,6,18
2026-08-02 16:36:09.084823,Recipient_2,Dairy,6,38
2026-08-03 16:36:09.084823,Recipient_5,Meat,0,14
2026-08-03 16:36:09.084823,Recipient_5,Meat,0,21
2026-08-03 16:36:09.084823,Recipient_5,Non-perishable,0,97
2026-08-03 16:36:09.084823,Recipient_4,Meat,0,21
2026-08-03 16:36:09.084823,Recipient_2,Bakery,0,39
2026-08-04 16:36:09.084823,Recipient_3,Non-perishable,1,94
2026-08-04 16:36:09.084823,Recipient_2,Bakery,1,26
2026-08-04 16:36:09.084823,Recipient_4,Dairy,1,20
2026-08-04 16:36:09.084823,Recipient_1,Produce,1,63
2026-08-04 16:36:09.084823,Recipient_4,Bakery,1,30
2026-08-05 16:36:09.084823,Recipient_4,Non-perishable,2,103
2026-08-05 16:36:09.084823,Recipient_5,Dairy,2,16
2026-08-05 16:36:09.084823,Recipient_1,Bakery,2,36
2026-08-05 16:36:09.084823,Recipient_5,Produce,2,49
2026-08-05 16:36:09.084823,Recipient_5,Non-perishable,2,103
2026-08-06 16:36:09.084823,Recipient_2,Meat,3,15
2026-08-06 16:36:09.084823,Recipient_5,Produce,3,55
2026-08-06 16:36:09.084823,Recipient_5,Produce,3,53
2026-08-06 16:36:09.084823,Recipient_2,Produce,3,46
2026-08-06 16:36:09.084823,Recipient_3,Meat,3,19
2026-08-07 16:36:09.084823,Recipient_2,Dairy,4,20
2026-08-07 16:36:09.084823,Recipient_3,Dairy,4,20
2026-08-07 16:36:09.084823,Recipient_3,Meat,4,18
2026-08-07 16:36:09.084823,Recipient_3,Bakery,4,32
2026-08-07 16:36:09.084823,Recipient_4,Non-perishable,4,92
2026-08-08 16:36:09.084823,Recipient_1,Produce,5,71
2026-08-08 16:36:09.084823,Recipient_2,Meat,5,27
2026-08-08 16:36:09.084823,Recipient_2,Non-perishable,5,152
2026-08-08 16:36:09.084823,Recipient_1,Produce,5,75
2026-08-08 16:36:09.084823,Recipient_4,Meat,5,15
2026-08-09 16:36:09.084823,Recipient_1,Non-perishable,6,150
2026-08-09 16:36:09.084823,Recipient_3,Bakery,6,42
2026-08-09 16:36:09.084823,Recipient_5,Produce,6,80
2026-08-09 16:36:09.084823,Recipient_5,Non-perishable,6,162
2026-08-09 16:36:09.084823,Recipient_2,Produce,6,69
2026-08-10 16:36:09.084823,Recipient_3,Dairy,0,6
2026-08-10 16:36:09.084823,Recipient_2,Bakery,0,35
2026-08-10 16:36:09.084823,Recipient_4,Produce,0,47
2026-08-10 16:36:09.084823,Recipient_3,Dairy,0,18
2026-08-10 16:36:09.084823,Recipient_2,Bakery,0,24
2026-08-11 16:36:09.084823,Recipient_4,Dairy,1,28
2026-08-11 16:36:09.084823,Recipient_5,Produce,1,41
2026-08-11 16:36:09.084823,Recipient_3,Non-perishable,1,101
2026-08-11 16:36:09.084823,Recipient_1,Non-perishable,1,102
2026-08-11 16:36:09.084823,Recipient_2,Bakery,1,24
2026-08-12 16:36:09.084823,Recipient_3,Meat,2,6
2026-08-12 16:36:09.084823,Recipient_2,Dairy,2,15
2026-08-12 16:36:09.084823,Recipient_1,Non-perishable,2,91
2026-08-12 16:36:09.084823,Recipient_2,Produce,2,58
2026-08-12 16:36:09.084823,Recipient_5,Meat,2,20
2026-08-13 16:36:09.084823,Recipient_3,Meat,3,12
2026-08-13 16:36:09.084823,Recipient_4,Non-perishable,3,105
2026-08-13 16:36:09.084823,Recipient_1,Dairy,3,16
2026-08-13 16:36:09.084823,Recipient_5,Meat,3,13
2026-08-13 16:36:09.084823,Recipient_3,Produce,3,51
2026-08-14 16:36:09.084823,Recipient_2,Bakery,4,38
2026-08-14 16:36:09.084823,Recipient_2,Non-perishable,4,100
2026-08-14 16:36:09.084823,Recipient_1,Produce,4,50
2026-08-14 16:36:09.084823,Recipient_4,Dairy,4,19
2026-08-14 16:36:09.084823,Recipient_2,Non-perishable,4,97
2026-08-15 16:36:09.084823,Recipient_3,Dairy,5,26
2026-08-15 16:36:09.084823,Recipient_5,Dairy,5,21
2026-08-15 16:36:09.084823,Recipient_1,Non-perishable,5,152
2026-08-15 16:36:09.084823,Recipient_1,Dairy,5,27
2026-08-15 16:36:09.084823,Recipient_5,Bakery,5,46
2026-08-16 16:36:09.084823,Recipient_1,Bakery,6,53
2026-08-16 16:36:09.084823,Recipient_1,Non-perishable,6,157
2026-08-16 16:36:09.084823,Recipient_2,Non-perishable,6,148
2026-08-16 16:36:09.084823,Recipient_2,Dairy,6,35
2026-08-16 16:36:09.084823,Recipient_4,Bakery,6,43
2026-08-17 16:36:09.084823,Recipient_4,Produce,0,56
2026-08-17 16:36:09.084823,Recipient_3,Bakery,0,29
2026-08-17 16:36:09.084823,Recipient_5,Produce,0,52
2026-08-17 16:36:09.084823,Recipient_2,Meat,0,8
2026-08-17 16:36:09.084823,Recipient_4,Bakery,0,30
2026-08-18 16:36:09.084823,Recipient_1,Bakery,1,21
2026-08-18 16:36:09.084823,Recipient_2,Dairy,1,24
2026-08-18 16:36:09.084823,Recipient_5,Produce,1,50
2026-08-18 16:36:09.084823,Recipient_1,Non-perishable,1,98
2026-08-18 16:36:09.084823,Recipient_3,Dairy,1,16
2026-08-19 16:36:09.084823,Recipient_2,Non-perishable,2,99
2026-08-19 16:36:09.084823,Recipient_4,Meat,2,13
2026-08-19 16:36:09.084823,Recipient_3,Bakery,2,26
2026-08-19 16:36:09.084823,Recipient_1,Non-perishable,2,103
2026-08-19 16:36:09.084823,Recipient_1,Meat,2,20
2026-08-20 16:36:09.084823,Recipient_3,Non-perishable,3,104
2026-08-20 16:36:09.084823,Recipient_1,Dairy,3,24
2026-08-20 16:36:09.084823,Recipient_1,Meat,3,17
2026-08-20 16:36:09.084823,Recipient_2,Non-perishable,3,101
2026-08-20 16:36:09.084823,Recipient_2,Non-perishable,3,95
2026-08-21 16:36:09.084823,Recipient_2,Bakery,4,33
2026-08-21 16:36:09.084823,Recipient_5,Dairy,4,26
2026-08-21 16:36:09.084823,Recipient_1,Bakery,4,16
2026-08-21 16:36:09.084823,Recipient_4,Meat,4,20
2026-08-21 16:36:09.084823,Recipient_3,Dairy,4,19
2026-08-22 16:36:09.084823,Recipient_4,Produce,5,85
2026-08-22 16:36:09.084823,Recipient_5,Dairy,5,32
2026-08-22 16:36:09.084823,Recipient_1,Non-perishable,5,143
2026-08-22 16:36:09.084823,Recipient_3,Dairy,5,32
2026-08-22 16:36:09.084823,Recipient_2,Bakery,5,45
2026-08-23 16:36:09.084823,Recipient_3,Bakery,6,50
2026-08-23 16:36:09.084823,Recipient_4,Non-perishable,6,147
2026-08-23 16:36:09.084823,Recipient_5,Meat,6,29
2026-08-23 16:36:09.084823,Recipient_1,Meat,6,14
2026-08-23 16:36:09.084823,Recipient_5,Produce,6,66
2026-08-24 16:36:09.084823,Recipient_1,Bakery,0,20
2026-08-24 16:36:09.084823,Recipient_2,Meat,0,13
2026-08-24 16:36:09.084823,Recipient_2,Non-perishable,0,99
2026-08-24 16:36:09.084823,Recipient_1,Produce,0,51
2026-08-24 16:36:09.084823,Recipient_4,Meat,0,17
2026-08-25 16:36:09.084823,Recipient_3,Non-perishable,1,92
2026-08-25 16:36:09.084823,Recipient_2,Produce,1,49
2026-08-25 16:36:09.084823,Recipient_4,Non-perishable,1,100
2026-08-25 16:36:09.084823,Recipient_5,Bakery,1,22
2026-08-25 16:36:09.084823,Recipient_2,Produce,1,50
2026-08-26 16:36:09.084823,Recipient_2,Produce,2,52
2026-08-26 16:36:09.084823,Recipient_5,Non-perishable,2,96
2026-08-26 16:36:09.084823,Recipient_1,Produce,2,48
2026-08-26 16:36:09.084823,Recipient_2,Dairy,2,14
2026-08-26 16:36:09.084823,Recipient_1,Bakery,2,27
2026-08-27 16:36:09.084823,Recipient_5,Produce,3,53
2026-08-27 16:36:09.084823,Recipient_1,Meat,3,10
2026-08-27 16:36:09.084823,Recipient_1,Bakery,3,30
2026-08-27 16:36:09.084823,Recipient_3,Meat,3,11
2026-08-27 16:36:09.084823,Recipient_2,Meat,3,14
2026-08-28 16:36:09.084823,Recipient_2,Produce,4,52
2026-08-28 16:36:09.084823,Recipient_3,Bakery,4,28
2026-08-28 16:36:09.084823,Recipient_2,Meat,4,8
2026-08-28 16:36:09.084823,Recipient_5,Dairy,4,16
2026-08-28 16:36:09.084823,Recipient_2,Non-perishable,4,103
2026-08-29 16:36:09.084823,Recipient_5,Non-perishable,5,144
2026-08-29 16:36:09.084823,Recipient_1,Dairy,5,12
2026-08-29 16:36:09.084823,Recipient_5,Bakery,5,40
2026-08-29 16:36:09.084823,Recipient_2,Bakery,5,51
2026-08-29 16:36:09.084823,Recipient_3,Non-perishable,5,144
2026-08-30 16:36:09.084823,Recipient_5,Produce,6,76
2026-08-30 16:36:09.084823,Recipient_4,Produce,6,76
2026-08-30 16:36:09.084823,Recipient_3,Bakery,6,42
2026-08-30 16:36:09.084823,Recipient_5,Produce,6,70
2026-08-30 16:36:09.084823,Recipient_5,Dairy,6,31
2026-08-31 16:36:09.084823,Recipient_4,Non-perishable,0,96
2026-08-31 16:36:09.084823,Recipient_3,Non-perishable,0,99
2026-08-31 16:36:09.084823,Recipient_3,Non-perishable,0,100
2026-08-31 16:36:09.084823,Recipient_2,Meat,0,22
2026-08-31 16:36:09.084823,Recipient_4,Dairy,0,21
2026-09-01 16:36:09.084823,Recipient_5,Bakery,1,30
2026-09-01 16:36:09.084823,Recipient_2,Meat,1,15
2026-09-01 16:36:09.084823,Recipient_5,Bakery,1,28
2026-09-01 16:36:09.084823,Recipient_2,Produce,1,46
2026-09-01 16:36:09.084823,Recipient_2,Meat,1,18
2026-09-02 16:36:09.084823,Recipient_5,Meat,2,15
2026-09-02 16:36:09.084823,Recipient_4,Meat,2,14
2026-09-02 16:36:09.084823,Recipient_1,Meat,2,12
2026-09-02 16:36:09.084823,Recipient_1,Dairy,2,16
2026-09-02 16:36:09.084823,Recipient_3,Dairy,2,19
2026-09-03 16:36:09.084823,Recipient_2,Non-perishable,3,110
2026-09-03 16:36:09.084823,Recipient_4,Non-perishable,3,96
2026-09-03 16:36:09.084823,Recipient_4,Non-perishable,3,107
2026-09-03 16:36:09.084823,Recipient_2,Dairy,3,19
2026-09-03 16:36:09.084823,Recipient_2,Dairy,3,13
2026-09-04 16:36:09.084823,Recipient_5,Non-perishable,4,99
2026-09-04 16:36:09.084823,Recipient_3,Meat,4,17
2026-09-04 16:36:09.084823,Recipient_4,Bakery,4,32
2026-09-04 16:36:09.084823,Recipient_3,Bakery,4,33
2026-09-04 16:36:09.084823,Recipient_5,Bakery,4,29
2026-09-05 16:36:09.084823,Recipient_4,Bakery,5,49
2026-09-05 16:36:09.084823,Recipient_2,Non-perishable,5,148
2026-09-05 16:36:09.084823,Recipient_3,Produce,5,68
2026-09-05 16:36:09.084823,Recipient_4,Bakery,5,52
2026-09-05 16:36:09.084823,Recipient_4,Produce,5,76
2026-09-06 16:36:09.084823,Recipient_3,Dairy,6,32
2026-09-06 16:36:09.084823,Recipient_4,Bakery,6,41
2026-09-06 16:36:09.084823,Recipient_4,Dairy,6,34
2026-09-06 16:36:09.084823,Recipient_3,Meat,6,22
2026-09-06 16:36:09.084823,Recipient_1,Meat,6,29
2026-09-07 16:36:09.084823,Recipient_4,Meat,0,7
2026-09-07 16:36:09.084823,Recipient_4,Non-perishable,0,101
2026-09-07 16:36:09.084823,Recipient_5,Dairy,0,16
2026-09-07 16:36:09.084823,Recipient_5,Produce,0,54
2026-09-07 16:36:09.084823,Recipient_5,Dairy,0,15
2026-09-08 16:36:09.084823,Recipient_3,Non-perishable,1,108
2026-09-08 16:36:09.084823,Recipient_1,Produce,1,54
2026-09-08 16:36:09.084823,Recipient_1,Produce,1,54
2026-09-08 16:36:09.084823,Recipient_4,Produce,1,48
2026-09-08 16:36:09.084823,Recipient_4,Meat,1,15
2026-09-09 16:36:09.084823,Recipient_1,Dairy,2,20
2026-09-09 16:36:09.084823,Recipient_1,Non-perishable,2,96
2026-09-09 16:36:09.084823,Recipient_1,Non-perishable,2,99
2026-09-09 16:36:09.084823,Recipient_2,Dairy,2,16
2026-09-09 16:36:09.084823,Recipient_2,Dairy,2,21
2026-09-10 16:36:09.084823,Recipient_5,Bakery,3,30
2026-09-10 16:36:09.084823,Recipient_3,Produce,3,59
2026-09-10 16:36:09.084823,Recipient_2,Meat,3,16
2026-09-10 16:36:09.084823,Recipient_4,Bakery,3,40
2026-09-10 16:36:09.084823,Recipient_4,Dairy,3,18
2026-09-11 16:36:09.084823,Recipient_2,Bakery,4,38
2026-09-11 16:36:09.084823,Recipient_4,Meat,4,12
2026-09-11 16:36:09.084823,Recipient_5,Produce,4,48
2026-09-11 16:36:09.084823,Recipient_4,Non-perishable,4,102
2026-09-11 16:36:09.084823,Recipient_5,Non-perishable,4,99
2026-09-12 16:36:09.084823,Recipient_2,Dairy,5,40
2026-09-12 16:36:09.084823,Recipient_3,Non-perishable,5,144
2026-09-12 16:36:09.084823,Recipient_3,Non-perishable,5,152
2026-09-12 16:36:09.084823,Recipient_5,Produce,5,73
2026-09-12 16:36:09.084823,Recipient_5,Dairy,5,31
2026-09-13 16:36:09.084823,Recipient_5,Meat,6,29
2026-09-13 16:36:09.084823,Recipient_4,Meat,6,26
2026-09-13 16:36:09.084823,Recipient_2,Produce,6,87
2026-09-13 16:36:09.084823,Recipient_2,Non-perishable,6,152
2026-09-13 16:36:09.084823,Recipient_2,Meat,6,14
2026-09-14 16:36:09.084823,Recipient_3,Dairy,0,17
2026-09-14 16:36:09.084823,Recipient_5,Meat,0,11
2026-09-14 16:36:09.084823,Recipient_5,Produce,0,38
2026-09-14 16:36:09.084823,Recipient_3,Dairy,0,22
2026-09-14 16:36:09.084823,Recipient_2,Meat,0,16
2026-09-15 16:36:09.084823,Recipient_2,Non-perishable,1,99
2026-09-15 16:36:09.084823,Recipient_4,Non-perishable,1,105
2026-09-15 16:36:09.084823,Recipient_1,Meat,1,9
2026-09-15 16:36:09.084823,Recipient_3,Produce,1,51
2026-09-15 16:36:09.084823,Recipient_1,Meat,1,19
2026-09-16 16:36:09.084823,Recipient_1,Meat,2,8
2026-09-16 16:36:09.084823,Recipient_4,Non-perishable,2,96
2026-09-16 16:36:09.084823,Recipient_2,Bakery,2,26
2026-09-16 16:36:09.084823,Recipient_2,Non-perishable,2,104
2026-09-16 16:36:09.084823,Recipient_1,Non-perishable,2,97
2026-09-17 16:36:09.084823,Recipient_4,Bakery,3,23
2026-09-17 16:36:09.084823,Recipient_3,Non-perishable,3,92
2026-09-17 16:36:09.084823,Recipient_5,Meat,3,21
2026-09-17 16:36:09.084823,Recipient_4,Meat,3,14
2026-09-17 16:36:09.084823,Recipient_4,Bakery,3,28
2026-09-18 16:36:09.084823,Recipient_2,Produce,4,47
2026-09-18 16:36:09.084823,Recipient_5,Meat,4,15
2026-09-18 16:36:09.084823,Recipient_3,Non-perishable,4,97
2026-09-18 16:36:09.084823,Recipient_5,Bakery,4,30
2026-09-18 16:36:09.084823,Recipient_4,Dairy,4,10
2026-09-19 16:36:09.084823,Recipient_4,Non-perishable,5,159
2026-09-19 16:36:09.084823,Recipient_2,Produce,5,73
2026-09-19 16:36:09.084823,Recipient_2,Non-perishable,5,149
2026-09-19 16:36:09.084823,Recipient_3,Dairy,5,35
2026-09-19 16:36:09.084823,Recipient_4,Meat,5,18
2026-09-20 16:36:09.084823,Recipient_5,Produce,6,77
2026-09-20 16:36:09.084823,Recipient_5,Non-perishable,6,149
2026-09-20 16:36:09.084823,Recipient_2,Produce,6,74
2026-09-20 16:36:09.084823,Recipient_2,Produce,6,80
2026-09-20 16:36:09.084823,Recipient_3,Non-perishable,6,155
2026-09-21 16:36:09.084823,Recipient_5,Produce,0,51
2026-09-21 16:36:09.084823,Recipient_2,Produce,0,46
2026-09-21 16:36:09.084823,Recipient_1,Produce,0,48
2026-09-21 16:36:09.084823,Recipient_3,Meat,0,12
2026-09-21 16:36:09.084823,Recipient_2,Non-perishable,0,104
2026-09-22 16:36:09.084823,Recipient_5,Produce,1,49
2026-09-22 16:36:09.084823,Recipient_3,Non-perishable,1,99
2026-09-22 16:36:09.084823,Recipient_1,Non-perishable,1,100
2026-09-22 16:36:09.084823,Recipient_1,Meat,1,20
2026-09-22 16:36:09.084823,Recipient_3,Meat,1,25
2026-09-23 16:36:09.084823,Recipient_5,Produce,2,55
2026-09-23 16:36:09.084823,Recipient_3,Meat,2,26
2026-09-23 16:36:09.084823,Recipient_2,Bakery,2,38
2026-09-23 16:36:09.084823,Recipient_2,Dairy,2,25
2026-09-23 16:36:09.084823,Recipient_1,Bakery,2,33
2026-09-24 16:36:09.084823,Recipient_2,Meat,3,15
2026-09-24 16:36:09.084823,Recipient_5,Non-perishable,3,94
2026-09-24 16:36:09.084823,Recipient_2,Non-perishable,3,92
2026-09-24 16:36:09.084823,Recipient_4,Meat,3,21
2026-09-24 16:36:09.084823,Recipient_2,Meat,3,17
2026-09-25 16:36:09.084823,Recipient_3,Bakery,4,28
2026-09-25 16:36:09.084823,Recipient_3,Bakery,4,31
2026-09-25 16:36:09.084823,Recipient_4,Non-perishable,4,93
2026-09-25 16:36:09.084823,Recipient_5,Meat,4,14
2026-09-25 16:36:09.084823,Recipient_5,Meat,4,17
2026-09-26 16:36:09.084823,Recipient_4,Bakery,5,46
2026-09-26 16:36:09.084823,Recipient_2,Meat,5,18
2026-09-26 16:36:09.084823,Recipient_5,Meat,5,30
2026-09-26 16:36:09.084823,Recipient_2,Produce,5,69
2026-09-26 16:36:09.084823,Recipient_4,Dairy,5,30
2026-09-27 16:36:09.084823,Recipient_5,Produce,6,67
2026-09-27 16:36:09.084823,Recipient_4,Meat,6,24
2026-09-27 16:36:09.084823,Recipient_4,Produce,6,77
2026-09-27 16:36:09.084823,Recipient_3,Non-perishable,6,138
2026-09-27 16:36:09.084823,Recipient_5,Meat,6,18
2026-09-28 16:36:09.084823,Recipient_2,Dairy,0,16
2026-09-28 16:36:09.084823,Recipient_1,Non-perishable,0,100
2026-09-28 16:36:09.084823,Recipient_1,Dairy,0,21
2026-09-28 16:36:09.084823,Recipient_3,Non-perishable,0,105
2026-09-28 16:36:09.084823,Recipient_4,Meat,0,10
2026-09-29 16:36:09.084823,Recipient_2,Produce,1,51
2026-09-29 16:36:09.084823,Recipient_1,Dairy,1,16
2026-09-29 16:36:09.084823,Recipient_5,Produce,1,53
2026-09-29 16:36:09.084823,Recipient_5,Produce,1,52
2026-09-29 16:36:09.084823,Recipient_5,Bakery,1,34
2026-09-30 16:36:09.084823,Recipient_2,Produce,2,61
2026-09-30 16:36:09.084823,Recipient_5,Non-perishable,2,103
2026-09-30 16:36:09.084823,Recipient_2,Bakery,2,22
2026-09-30 16:36:09.084823,Recipient_2,Non-perishable,2,104
2026-09-30 16:36:09.084823,Recipient_4,Bakery,2,35
2026-10-01 16:36:09.084823,Recipient_4,Dairy,3,23
2026-10-01 16:36:09.084823,Recipient_5,Meat,3,13
2026-10-01 16:36:09.084823,Recipient_5,Produce,3,41
2026-10-01 16:36:09.084823,Recipient_1,Bakery,3,37
2026-10-01 16:36:09.084823,Recipient_1,Meat,3,21
2026-10-02 16:36:09.084823,Recipient_4,Non-perishable,4,98
2026-10-02 16:36:09.084823,Recipient_4,Bakery,4,23
2026-10-02 16:36:09.084823,Recipient_2,Bakery,4,34
2026-10-02 16:36:09.084823,Recipient_4,Non-perishable,4,93
2026-10-02 16:36:09.084823,Recipient_2,Meat,4,14
2026-10-03 16:36:09.084823,Recipient_2,Produce,5,74
2026-10-03 16:36:09.084823,Recipient_4,Meat,5,23
2026-10-03 16:36:09.084823,Recipient_2,Meat,5,23
2026-10-03 16:36:09.084823,Recipient_1,Dairy,5,31
2026-10-03 16:36:09.084823,Recipient_1,Meat,5,29
2026-10-04 16:36:09.084823,Recipient_4,Bakery,6,38
2026-10-04 16:36:09.084823,Recipient_5,Meat,6,26
2026-10-04 16:36:09.084823,Recipient_1,Produce,6,78
2026-10-04 16:36:09.084823,Recipient_5,Meat,6,18
2026-10-04 16:36:09.084823,Recipient_1,Non-perishable,6,151
2026-10-05 16:36:09.084823,Recipient_4,Meat,0,9
2026-10-05 16:36:09.084823,Recipient_2,Produce,0,45
2026-10-05 16:36:09.084823,Recipient_5,Dairy,0,20
2026-10-05 16:36:09.084823,Recipient_3,Bakery,0,33
2026-10-05 16:36:09.084823,Recipient_4,Dairy,0,21
2026-10-06 16:36:09.084823,Recipient_3,Bakery,1,42
2026-10-06 16:36:09.084823,Recipient_4,Non-perishable,1,100
2026-10-06 16:36:09.084823,Recipient_1,Dairy,1,7
2026-10-06 16:36:09.084823,Recipient_2,Non-perishable,1,104
2026-10-06 16:36:09.084823,Recipient_3,Meat,1,13
2026-10-07 16:36:09.084823,Recipient_1,Non-perishable,2,103
2026-10-07 16:36:09.084823,Recipient_2,Produce,2,50
2026-10-07 16:36:09.084823,Recipient_5,Produce,2,49
2026-10-07 16:36:09.084823,Recipient_5,Meat,2,19
2026-10-07 16:36:09.084823,Recipient_3,Bakery,2,24
2026-10-08 16:36:09.084823,Recipient_5,Dairy,3,18
2026-10-08 16:36:09.084823,Recipient_5,Dairy,3,12
2026-10-08 16:36:09.084823,Recipient_5,Meat,3,15
2026-10-08 16:36:09.084823,Recipient_4,Meat,3,15
2026-10-08 16:36:09.084823,Recipient_2,Non-perishable,3,90
2026-10-09 16:36:09.084823,Recipient_4,Non-perishable,4,100
2026-10-09 16:36:09.084823,Recipient_3,Bakery,4,28
2026-10-09 16:36:09.084823,Recipient_5,Bakery,4,27
2026-10-09 16:36:09.084823,Recipient_3,Dairy,4,16
2026-10-09 16:36:09.084823,Recipient_5,Produce,4,43
